method;train-function-calls;sum-wrong-classification;constraint-calls;metamodel-calls;fitness-function-calls;generations
SVCCVBestSlidingWeighted;188;993;13493;16830;14791;187
SVCCVBestSlidingWeighted;74;377;5077;6570;5689;73
SVCCVBestSlidingWeighted;149;817;10389;13320;11431;148
SVCCVBestSlidingWeighted;89;503;6266;7920;6899;88
SVCCVBestSlidingWeighted;61;387;4726;5400;5165;60
SVCCVBestSlidingWeighted;25;215;2186;2160;2311;24
SVCCVBestSlidingWeighted;60;339;4056;5310;4573;59
SVCCVBestSlidingWeighted;10;141;1155;810;1164;9
SVCCVBestSlidingWeighted;192;1066;13526;17190;14888;191
SVCCVBestSlidingWeighted;101;604;7485;9000;8168;100
SVCCVBestSlidingWeighted;74;423;5314;6570;5872;73
SVCCVBestSlidingWeighted;8;97;833;630;864;7
SVCCVBestSlidingWeighted;33;186;2455;2880;2703;32
SVCCVBestSlidingWeighted;137;673;9168;12240;10240;136
SVCCVBestSlidingWeighted;105;563;7696;9360;8383;104
SVCCVBestSlidingWeighted;71;381;5084;6300;5618;70
SVCCVBestSlidingWeighted;95;432;6435;8460;7228;94
SVCCVBestSlidingWeighted;24;237;2148;2070;2279;23
SVCCVBestSlidingWeighted;36;234;2827;3150;3053;35
SVCCVBestSlidingWeighted;31;180;2421;2700;2650;30
SVCCVBestSlidingWeighted;4;4;366;270;393;3
SVCCVBestSlidingWeighted;117;836;9136;10440;9807;116
SVCCVBestSlidingWeighted;76;403;5240;6750;5795;75
SVCCVBestSlidingWeighted;260;1369;18253;23310;20067;259
SVCCVBestSlidingWeighted;19;170;1639;1620;1738;18
SVCCVBestSlidingWeighted;62;300;4224;5490;4735;61
SVCCVBestSlidingWeighted;9;105;999;720;1019;8
SVCCVBestSlidingWeighted;46;229;3350;4050;3718;45
SVCCVBestSlidingWeighted;21;163;1805;1800;1962;20
SVCCVBestSlidingWeighted;43;195;2920;3780;3296;42
SVCCVBestSlidingWeighted;111;672;8012;9900;8802;110
SVCCVBestSlidingWeighted;32;229;2529;2790;2725;31
SVCCVBestSlidingWeighted;381;2331;27771;34200;30045;380
SVCCVBestSlidingWeighted;10;149;1152;810;1142;9
SVCCVBestSlidingWeighted;454;2387;30887;40770;34180;453
SVCCVBestSlidingWeighted;126;634;8717;11250;9646;125
SVCCVBestSlidingWeighted;65;402;4956;5760;5351;64
SVCCVBestSlidingWeighted;130;631;8938;11610;10008;129
SVCCVBestSlidingWeighted;74;435;5317;6570;5894;73
SVCCVBestSlidingWeighted;198;1089;14308;17730;15670;197
SVCCVBestSlidingWeighted;60;386;4443;5310;4827;59
SVCCVBestSlidingWeighted;511;2922;36699;45900;40005;510
SVCCVBestSlidingWeighted;14;111;1245;1170;1331;13
SVCCVBestSlidingWeighted;107;671;7797;9540;8448;106
SVCCVBestSlidingWeighted;114;592;8352;10170;9124;113
SVCCVBestSlidingWeighted;68;518;5510;6030;5891;67
SVCCVBestSlidingWeighted;108;648;7905;9630;8511;107
SVCCVBestSlidingWeighted;36;226;2902;3150;3101;35
SVCCVBestSlidingWeighted;141;669;9244;12600;10419;140
SVCCVBestSlidingWeighted;84;317;5215;7470;5973;83
SVCCVBestSlidingWeighted;220;1304;15898;19710;17243;219
SVCCVBestSlidingWeighted;26;217;2368;2250;2463;25
SVCCVBestSlidingWeighted;91;604;7124;8100;7650;90
SVCCVBestSlidingWeighted;20;125;1522;1710;1679;19
SVCCVBestSlidingWeighted;330;1595;22004;29610;24509;329
SVCCVBestSlidingWeighted;56;324;4070;4950;4487;55
SVCCVBestSlidingWeighted;78;449;5491;6930;6062;77
SVCCVBestSlidingWeighted;61;309;4120;5400;4646;60
SVCCVBestSlidingWeighted;80;450;5853;7110;6406;79
SVCCVBestSlidingWeighted;145;1084;11421;12960;12088;144
SVCCVBestSlidingWeighted;169;977;12206;15120;13334;168
SVCCVBestSlidingWeighted;122;648;8696;10890;9539;121
SVCCVBestSlidingWeighted;237;1376;16683;21240;18179;236
SVCCVBestSlidingWeighted;127;792;9623;11340;10346;126
SVCCVBestSlidingWeighted;158;1068;12086;14130;12910;157
SVCCVBestSlidingWeighted;146;977;11104;13050;11888;145
SVCCVBestSlidingWeighted;81;462;5935;7200;6441;80
SVCCVBestSlidingWeighted;30;184;2284;2610;2526;29
SVCCVBestSlidingWeighted;52;393;4456;4590;4724;51
SVCCVBestSlidingWeighted;195;1006;13208;17460;14741;194
SVCCVBestSlidingWeighted;279;1408;18428;25020;20546;278
SVCCVBestSlidingWeighted;168;966;12090;15030;13131;167
SVCCVBestSlidingWeighted;216;1269;15453;19350;17005;215
SVCCVBestSlidingWeighted;57;334;4469;5040;4850;56
SVCCVBestSlidingWeighted;29;246;2498;2520;2651;28
SVCCVBestSlidingWeighted;97;529;7041;8640;7713;96
SVCCVBestSlidingWeighted;300;1608;20938;26910;23013;299
SVCCVBestSlidingWeighted;21;210;1961;1800;2024;20
SVCCVBestSlidingWeighted;233;1393;16929;20880;18388;232
SVCCVBestSlidingWeighted;264;1488;18696;23670;20327;263
SVCCVBestSlidingWeighted;270;1316;17885;24210;20019;269
SVCCVBestSlidingWeighted;65;457;4994;5760;5337;64
SVCCVBestSlidingWeighted;27;211;2330;2340;2492;26
SVCCVBestSlidingWeighted;436;2292;29845;39150;32968;435
SVCCVBestSlidingWeighted;102;611;7305;9090;8001;101
SVCCVBestSlidingWeighted;123;630;8617;10980;9524;122
SVCCVBestSlidingWeighted;84;541;6275;7470;6711;83
SVCCVBestSlidingWeighted;93;561;6785;8280;7431;92
SVCCVBestSlidingWeighted;9;33;701;720;791;8
SVCCVBestSlidingWeighted;66;504;5398;5850;5761;65
SVCCVBestSlidingWeighted;142;854;10335;12690;11169;141
SVCCVBestSlidingWeighted;24;146;1959;2070;2116;23
SVCCVBestSlidingWeighted;90;442;6138;8010;6881;89
SVCCVBestSlidingWeighted;123;731;8829;10980;9626;122
SVCCVBestSlidingWeighted;24;146;1966;2070;2113;23
SVCCVBestSlidingWeighted;327;1866;23083;29340;25146;326
SVCCVBestSlidingWeighted;47;336;3815;4140;4117;46
SVCCVBestSlidingWeighted;30;131;2126;2610;2363;29
SVCCVBestSlidingWeighted;143;832;10430;12780;11433;142
SVCCVBestSlidingWeighted;284;1518;19595;25470;21576;283
SVCCVBestSlidingWeighted;407;2439;28961;36540;31608;406
SVCCVBestSlidingWeighted;825;4173;54695;74160;60634;824
SVCCVBestSlidingWeighted;19;117;1511;1620;1638;18
SVCCVBestSlidingWeighted;78;529;6159;6930;6636;77
SVCCVBestSlidingWeighted;103;454;6660;9180;7497;102
SVCCVBestSlidingWeighted;9;108;982;720;999;8
SVCCVBestSlidingWeighted;155;837;10963;13860;12078;154
SVCCVBestSlidingWeighted;14;155;1403;1170;1439;13
SVCCVBestSlidingWeighted;19;149;1603;1620;1689;18
SVCCVBestSlidingWeighted;219;1244;15722;19620;17276;218
SVCCVBestSlidingWeighted;69;519;5651;6120;5997;68
SVCCVBestSlidingWeighted;80;512;5904;7110;6464;79
SVCCVBestSlidingWeighted;101;593;7482;9000;8193;100
SVCCVBestSlidingWeighted;422;2439;29882;37890;32412;421
SVCCVBestSlidingWeighted;250;1392;17703;22410;19511;249
SVCCVBestSlidingWeighted;34;248;2669;2970;2868;33
SVCCVBestSlidingWeighted;191;1024;13325;17100;14646;190
SVCCVBestSlidingWeighted;134;839;9945;11970;10817;133
SVCCVBestSlidingWeighted;45;280;3403;3960;3690;44
SVCCVBestSlidingWeighted;216;1134;15051;19350;16658;215
SVCCVBestSlidingWeighted;162;912;11456;14490;12491;161
SVCCVBestSlidingWeighted;27;135;2078;2340;2272;26
SVCCVBestSlidingWeighted;50;358;4134;4410;4367;49
SVCCVBestSlidingWeighted;112;713;8364;9990;9066;111
SVCCVBestSlidingWeighted;28;265;2588;2430;2698;27
SVCCVBestSlidingWeighted;63;393;4825;5580;5263;62
SVCCVBestSlidingWeighted;143;1007;11001;12780;11729;142
SVCCVBestSlidingWeighted;267;1575;18864;23940;20526;266
SVCCVBestSlidingWeighted;481;2694;33456;43200;36422;480
SVCCVBestSlidingWeighted;25;157;1975;2160;2109;24
SVCCVBestSlidingWeighted;31;268;2719;2700;2827;30
SVCCVBestSlidingWeighted;137;790;9862;12240;10854;136
SVCCVBestSlidingWeighted;19;256;2041;1620;2053;18
SVCCVBestSlidingWeighted;153;872;11023;13680;12069;152
SVCCVBestSlidingWeighted;211;1230;15018;18900;16541;210
SVCCVBestSlidingWeighted;47;333;3676;4140;3909;46
SVCCVBestSlidingWeighted;33;189;2521;2880;2731;32
SVCCVBestSlidingWeighted;153;1085;11982;13680;12760;152
SVCCVBestSlidingWeighted;50;331;3757;4410;4088;49
SVCCVBestSlidingWeighted;392;1961;26359;35190;29155;391
SVCCVBestSlidingWeighted;291;1302;18761;26100;20971;290
SVCCVBestSlidingWeighted;74;416;5268;6570;5800;73
SVCCVBestSlidingWeighted;50;269;3750;4410;4066;49
SVCCVBestSlidingWeighted;67;406;5052;5940;5508;66
SVCCVBestSlidingWeighted;81;498;6107;7200;6602;80
SVCCVBestSlidingWeighted;284;1651;19983;25470;21988;283
SVCCVBestSlidingWeighted;54;341;4143;4770;4509;53
SVCCVBestSlidingWeighted;118;655;8554;10530;9277;117
SVCCVBestSlidingWeighted;266;1408;18081;23850;20087;265
SVCCVBestSlidingWeighted;9;119;978;720;991;8
SVCCVBestSlidingWeighted;138;896;10080;12330;10990;137
SVCCVBestSlidingWeighted;52;306;3691;4590;4069;51
SVCCVBestSlidingWeighted;41;245;2892;3600;3209;40
SVCCVBestSlidingWeighted;6;68;670;450;691;5
SVCCVBestSlidingWeighted;90;587;6704;8010;7281;89
SVCCVBestSlidingWeighted;90;432;6069;8010;6783;89
SVCCVBestSlidingWeighted;173;947;12289;15480;13539;172
SVCCVBestSlidingWeighted;24;181;2066;2070;2210;23
SVCCVBestSlidingWeighted;15;81;1290;1260;1413;14
SVCCVBestSlidingWeighted;87;463;6044;7740;6755;86
SVCCVBestSlidingWeighted;37;258;3063;3240;3278;36
SVCCVBestSlidingWeighted;40;235;3079;3510;3378;39
SVCCVBestSlidingWeighted;219;1252;15482;19620;16981;218
SVCCVBestSlidingWeighted;149;814;10491;13320;11536;148
SVCCVBestSlidingWeighted;33;233;2658;2880;2874;32
SVCCVBestSlidingWeighted;16;153;1507;1350;1620;15
SVCCVBestSlidingWeighted;11;54;904;900;998;10
SVCCVBestSlidingWeighted;259;1425;18187;23220;19899;258
SVCCVBestSlidingWeighted;50;344;3978;4410;4216;49
SVCCVBestSlidingWeighted;8;113;945;630;935;7
SVCCVBestSlidingWeighted;443;2269;30397;39780;33544;442
SVCCVBestSlidingWeighted;79;478;5821;7020;6469;78
SVCCVBestSlidingWeighted;292;1544;20206;26190;22364;291
SVCCVBestSlidingWeighted;333;2130;25054;29880;26909;332
SVCCVBestSlidingWeighted;210;1061;14449;18810;15901;209
SVCCVBestSlidingWeighted;297;1567;20461;26640;22492;296
SVCCVBestSlidingWeighted;54;291;3871;4770;4303;53
SVCCVBestSlidingWeighted;173;971;12326;15480;13489;172
SVCCVBestSlidingWeighted;123;734;8587;10980;9477;122
SVCCVBestSlidingWeighted;89;556;6656;7920;7165;88
SVCCVBestSlidingWeighted;95;603;7145;8460;7780;94
SVCCVBestSlidingWeighted;199;1141;14037;17820;15441;198
SVCCVBestSlidingWeighted;65;421;5049;5760;5423;64
SVCCVBestSlidingWeighted;116;822;8738;10350;9456;115
SVCCVBestSlidingWeighted;6;50;631;450;674;5
SVCCVBestSlidingWeighted;172;1231;13262;15390;14203;171
SVCCVBestSlidingWeighted;104;705;8055;9270;8676;103
SVCCVBestSlidingWeighted;5;58;501;360;525;4
SVCCVBestSlidingWeighted;7;68;703;540;741;6
SVCCVBestSlidingWeighted;687;3947;48227;61740;52655;686
SVCCVBestSlidingWeighted;80;546;6184;7110;6666;79
SVCCVBestSlidingWeighted;48;222;3247;4230;3624;47
SVCCVBestSlidingWeighted;26;215;2162;2250;2317;25
SVCCVBestSlidingWeighted;9;92;921;720;963;8
SVCCVBestSlidingWeighted;18;148;1596;1530;1711;17
SVCCVBestSlidingWeighted;250;1134;16460;22410;18332;249
SVCCVBestSlidingWeighted;107;540;7598;9540;8368;106
SVCCVBestSlidingWeighted;47;349;3941;4140;4140;46
SVCCVBestSlidingWeighted;35;243;2877;3060;3085;34
SVCCVBestSlidingWeighted;135;794;9886;12060;10766;134
WithoutMetaModel;0;0;25471;0;15093;129
WithoutMetaModel;0;0;459;0;351;3
WithoutMetaModel;0;0;24731;0;14742;126
WithoutMetaModel;0;0;3359;0;2223;19
WithoutMetaModel;0;0;1910;0;1287;11
WithoutMetaModel;0;0;20714;0;12519;107
WithoutMetaModel;0;0;5331;0;3393;29
WithoutMetaModel;0;0;1686;0;1170;10
WithoutMetaModel;0;0;31338;0;18720;160
WithoutMetaModel;0;0;13984;0;8424;72
WithoutMetaModel;0;0;41688;0;24687;211
WithoutMetaModel;0;0;3597;0;2340;20
WithoutMetaModel;0;0;4409;0;2808;24
WithoutMetaModel;0;0;4424;0;2808;24
WithoutMetaModel;0;0;15115;0;9126;78
WithoutMetaModel;0;0;35880;0;21294;182
WithoutMetaModel;0;0;9343;0;5616;48
WithoutMetaModel;0;0;6894;0;4329;37
WithoutMetaModel;0;0;5868;0;3744;32
WithoutMetaModel;0;0;13169;0;7956;68
WithoutMetaModel;0;0;36010;0;21294;182
WithoutMetaModel;0;0;9625;0;5850;50
WithoutMetaModel;0;0;2125;0;1404;12
WithoutMetaModel;0;0;30825;0;18369;157
WithoutMetaModel;0;0;4064;0;2574;22
WithoutMetaModel;0;0;766;0;585;5
WithoutMetaModel;0;0;9844;0;5967;51
WithoutMetaModel;0;0;14645;0;8892;76
WithoutMetaModel;0;0;520;0;468;4
WithoutMetaModel;0;0;15098;0;9126;78
WithoutMetaModel;0;0;18480;0;10998;94
WithoutMetaModel;0;0;4109;0;2574;22
WithoutMetaModel;0;0;19348;0;11583;99
WithoutMetaModel;0;0;4894;0;3042;26
WithoutMetaModel;0;0;18588;0;11115;95
WithoutMetaModel;0;0;24402;0;14625;125
WithoutMetaModel;0;0;49595;0;29250;250
WithoutMetaModel;0;0;44746;0;26559;227
WithoutMetaModel;0;0;9120;0;5616;48
WithoutMetaModel;0;0;2652;0;1755;15
WithoutMetaModel;0;0;559;0;468;4
WithoutMetaModel;0;0;11995;0;7371;63
WithoutMetaModel;0;0;20341;0;12168;104
WithoutMetaModel;0;0;14580;0;8892;76
WithoutMetaModel;0;0;29596;0;17550;150
WithoutMetaModel;0;0;15443;0;9243;79
WithoutMetaModel;0;0;33934;0;20241;173
WithoutMetaModel;0;0;7574;0;4563;39
WithoutMetaModel;0;0;864;0;702;6
WithoutMetaModel;0;0;1544;0;1053;9
WithoutMetaModel;0;0;6416;0;4095;35
WithoutMetaModel;0;0;967;0;702;6
WithoutMetaModel;0;0;1857;0;1287;11
WithoutMetaModel;0;0;10072;0;6084;52
WithoutMetaModel;0;0;13738;0;8307;71
WithoutMetaModel;0;0;31002;0;18486;158
WithoutMetaModel;0;0;1440;0;1053;9
WithoutMetaModel;0;0;15379;0;9243;79
WithoutMetaModel;0;0;8532;0;5265;45
WithoutMetaModel;0;0;15544;0;9360;80
WithoutMetaModel;0;0;7035;0;4329;37
WithoutMetaModel;0;0;27898;0;16731;143
WithoutMetaModel;0;0;3444;0;2223;19
WithoutMetaModel;0;0;53773;0;31941;273
WithoutMetaModel;0;0;9974;0;6084;52
WithoutMetaModel;0;0;4828;0;3042;26
WithoutMetaModel;0;0;13039;0;7722;66
WithoutMetaModel;0;0;16270;0;9711;83
WithoutMetaModel;0;0;3010;0;1989;17
WithoutMetaModel;0;0;14674;0;8775;75
WithoutMetaModel;0;0;5115;0;3159;27
WithoutMetaModel;0;0;27236;0;16029;137
WithoutMetaModel;0;0;14643;0;8775;75
WithoutMetaModel;0;0;1146;0;819;7
WithoutMetaModel;0;0;2955;0;1989;17
WithoutMetaModel;0;0;989;0;819;7
WithoutMetaModel;0;0;30834;0;18486;158
WithoutMetaModel;0;0;18880;0;11349;97
WithoutMetaModel;0;0;580;0;468;4
WithoutMetaModel;0;0;7486;0;4563;39
WithoutMetaModel;0;0;18562;0;11115;95
WithoutMetaModel;0;0;5256;0;3276;28
WithoutMetaModel;0;0;11389;0;7020;60
WithoutMetaModel;0;0;81487;0;48087;411
WithoutMetaModel;0;0;32880;0;19422;166
WithoutMetaModel;0;0;24163;0;14625;125
WithoutMetaModel;0;0;1624;0;1170;10
WithoutMetaModel;0;0;8304;0;5148;44
WithoutMetaModel;0;0;8707;0;5382;46
WithoutMetaModel;0;0;17505;0;10413;89
WithoutMetaModel;0;0;12820;0;7722;66
WithoutMetaModel;0;0;25206;0;15210;130
WithoutMetaModel;0;0;23169;0;13806;118
WithoutMetaModel;0;0;26845;0;16146;138
WithoutMetaModel;0;0;13954;0;8424;72
WithoutMetaModel;0;0;10906;0;6552;56
WithoutMetaModel;0;0;17693;0;10647;91
WithoutMetaModel;0;0;8141;0;5031;43
WithoutMetaModel;0;0;12357;0;7605;65
WithoutMetaModel;0;0;25112;0;14976;128
WithoutMetaModel;0;0;7015;0;4446;38
WithoutMetaModel;0;0;34150;0;20475;175
WithoutMetaModel;0;0;19095;0;11466;98
WithoutMetaModel;0;0;7781;0;4797;41
WithoutMetaModel;0;0;5579;0;3393;29
WithoutMetaModel;0;0;20254;0;12051;103
WithoutMetaModel;0;0;5816;0;3627;31
WithoutMetaModel;0;0;5340;0;3276;28
WithoutMetaModel;0;0;3420;0;2223;19
WithoutMetaModel;0;0;7569;0;4680;40
WithoutMetaModel;0;0;2318;0;1521;13
WithoutMetaModel;0;0;3351;0;2223;19
WithoutMetaModel;0;0;2386;0;1638;14
WithoutMetaModel;0;0;14803;0;9009;77
WithoutMetaModel;0;0;51877;0;30888;264
WithoutMetaModel;0;0;3238;0;2106;18
WithoutMetaModel;0;0;25902;0;15678;134
WithoutMetaModel;0;0;957;0;702;6
WithoutMetaModel;0;0;1478;0;1053;9
WithoutMetaModel;0;0;7700;0;4797;41
WithoutMetaModel;0;0;69902;0;41184;352
WithoutMetaModel;0;0;5133;0;3159;27
WithoutMetaModel;0;0;42070;0;25155;215
WithoutMetaModel;0;0;4124;0;2574;22
WithoutMetaModel;0;0;3255;0;2106;18
WithoutMetaModel;0;0;7046;0;4329;37
WithoutMetaModel;0;0;28710;0;16965;145
WithoutMetaModel;0;0;1134;0;819;7
WithoutMetaModel;0;0;9062;0;5499;47
WithoutMetaModel;0;0;7480;0;4563;39
WithoutMetaModel;0;0;33009;0;19656;168
WithoutMetaModel;0;0;2207;0;1521;13
WithoutMetaModel;0;0;16037;0;9828;84
WithoutMetaModel;0;0;2199;0;1521;13
WithoutMetaModel;0;0;14599;0;8892;76
WithoutMetaModel;0;0;1339;0;936;8
WithoutMetaModel;0;0;14904;0;9009;77
WithoutMetaModel;0;0;12910;0;7956;68
WithoutMetaModel;0;0;22870;0;13806;118
WithoutMetaModel;0;0;7770;0;4914;42
WithoutMetaModel;0;0;5903;0;3744;32
WithoutMetaModel;0;0;12065;0;7254;62
WithoutMetaModel;0;0;2303;0;1521;13
WithoutMetaModel;0;0;19019;0;11232;96
WithoutMetaModel;0;0;57259;0;34164;292
WithoutMetaModel;0;0;10287;0;6201;53
WithoutMetaModel;0;0;12703;0;7722;66
WithoutMetaModel;0;0;7583;0;4680;40
WithoutMetaModel;0;0;20799;0;12402;106
WithoutMetaModel;0;0;15176;0;9009;77
WithoutMetaModel;0;0;1676;0;1170;10
WithoutMetaModel;0;0;2868;0;1872;16
WithoutMetaModel;0;0;20729;0;12402;106
WithoutMetaModel;0;0;8740;0;5265;45
WithoutMetaModel;0;0;4093;0;2574;22
WithoutMetaModel;0;0;24975;0;14859;127
WithoutMetaModel;0;0;10409;0;6318;54
WithoutMetaModel;0;0;19592;0;11700;100
WithoutMetaModel;0;0;26906;0;16029;137
WithoutMetaModel;0;0;42413;0;25272;216
WithoutMetaModel;0;0;3470;0;2223;19
WithoutMetaModel;0;0;22344;0;13221;113
WithoutMetaModel;0;0;20568;0;12285;105
WithoutMetaModel;0;0;12856;0;7839;67
WithoutMetaModel;0;0;10419;0;6318;54
WithoutMetaModel;0;0;19718;0;11934;102
WithoutMetaModel;0;0;7396;0;4563;39
WithoutMetaModel;0;0;2871;0;1872;16
WithoutMetaModel;0;0;20893;0;12519;107
WithoutMetaModel;0;0;53768;0;31824;272
WithoutMetaModel;0;0;12757;0;7722;66
WithoutMetaModel;0;0;2531;0;1638;14
WithoutMetaModel;0;0;42625;0;25155;215
WithoutMetaModel;0;0;6747;0;4095;35
WithoutMetaModel;0;0;9168;0;5616;48
WithoutMetaModel;0;0;25990;0;15444;132
WithoutMetaModel;0;0;447;0;351;3
WithoutMetaModel;0;0;25551;0;15210;130
WithoutMetaModel;0;0;15613;0;9360;80
WithoutMetaModel;0;0;18847;0;11349;97
WithoutMetaModel;0;0;11198;0;6903;59
WithoutMetaModel;0;0;2103;0;1404;12
WithoutMetaModel;0;0;6286;0;3861;33
WithoutMetaModel;0;0;9340;0;5616;48
WithoutMetaModel;0;0;31050;0;18486;158
WithoutMetaModel;0;0;24325;0;14508;124
WithoutMetaModel;0;0;10287;0;6201;53
WithoutMetaModel;0;0;7496;0;4680;40
WithoutMetaModel;0;0;4807;0;3042;26
WithoutMetaModel;0;0;39170;0;23283;199
WithoutMetaModel;0;0;3739;0;2340;20
WithoutMetaModel;0;0;5814;0;3627;31
WithoutMetaModel;0;0;14100;0;8541;73
WithoutMetaModel;0;0;33052;0;19773;169
WithoutMetaModel;0;0;54015;0;32058;274
WithoutMetaModel;0;0;18544;0;11115;95
WithoutMetaModel;0;0;8996;0;5499;47
WithoutMetaModel;0;0;15457;0;9360;80
WithoutMetaModel;0;0;13136;0;7956;68
WithoutMetaModel;0;0;1845;0;1287;11
SVCBestSlidingWeighted;12;44;935;990;1783;11
SVCBestSlidingWeighted;96;353;6744;8550;12770;95
SVCBestSlidingWeighted;35;98;2401;3060;4645;34
SVCBestSlidingWeighted;169;498;11474;15120;21868;168
SVCBestSlidingWeighted;209;636;14301;18720;27327;208
SVCBestSlidingWeighted;51;154;3525;4500;6737;50
SVCBestSlidingWeighted;180;584;12482;16110;23614;179
SVCBestSlidingWeighted;3;13;261;180;462;2
SVCBestSlidingWeighted;29;99;2121;2520;3952;28
SVCBestSlidingWeighted;28;99;2033;2430;3875;27
SVCBestSlidingWeighted;35;100;2468;3060;4820;34
SVCBestSlidingWeighted;145;455;10126;12960;19249;144
SVCBestSlidingWeighted;165;543;11535;14760;21899;164
SVCBestSlidingWeighted;70;214;4710;6210;9006;69
SVCBestSlidingWeighted;17;81;1308;1440;2485;16
SVCBestSlidingWeighted;86;321;6145;7650;11567;85
SVCBestSlidingWeighted;13;63;1046;1080;1896;12
SVCBestSlidingWeighted;120;384;8401;10710;15812;119
SVCBestSlidingWeighted;46;119;3231;4050;6168;45
SVCBestSlidingWeighted;44;137;3108;3870;5956;43
SVCBestSlidingWeighted;6;22;531;450;993;5
SVCBestSlidingWeighted;9;20;691;720;1356;8
SVCBestSlidingWeighted;137;459;9742;12240;18392;136
SVCBestSlidingWeighted;306;1052;21375;27450;40150;305
SVCBestSlidingWeighted;76;249;5439;6750;10252;75
SVCBestSlidingWeighted;99;299;6753;8820;12998;98
SVCBestSlidingWeighted;41;124;2808;3600;5448;40
SVCBestSlidingWeighted;258;866;17950;23130;33979;257
SVCBestSlidingWeighted;97;311;6725;8640;12800;96
SVCBestSlidingWeighted;65;208;4581;5760;8620;64
SVCBestSlidingWeighted;28;83;1975;2430;3795;27
SVCBestSlidingWeighted;238;765;16366;21330;31022;237
SVCBestSlidingWeighted;151;506;10560;13500;20019;150
SVCBestSlidingWeighted;157;527;11179;14040;21131;156
SVCBestSlidingWeighted;46;121;3128;4050;5907;45
SVCBestSlidingWeighted;32;114;2404;2790;4495;31
SVCBestSlidingWeighted;199;607;13477;17820;25722;198
SVCBestSlidingWeighted;49;147;3477;4320;6635;48
SVCBestSlidingWeighted;35;113;2486;3060;4754;34
SVCBestSlidingWeighted;49;174;3477;4320;6612;48
SVCBestSlidingWeighted;141;490;9903;12600;18679;140
SVCBestSlidingWeighted;201;664;14236;18000;26829;200
SVCBestSlidingWeighted;72;210;4996;6390;9657;71
SVCBestSlidingWeighted;215;702;14876;19260;28016;214
SVCBestSlidingWeighted;212;686;14988;18990;28371;211
SVCBestSlidingWeighted;172;541;11887;15390;22775;171
SVCBestSlidingWeighted;168;537;11603;15030;22054;167
SVCBestSlidingWeighted;32;92;2278;2790;4303;31
SVCBestSlidingWeighted;181;609;12719;16200;24089;180
SVCBestSlidingWeighted;18;45;1318;1530;2599;17
SVCBestSlidingWeighted;197;633;13397;17640;25598;196
SVCBestSlidingWeighted;80;273;5742;7110;10753;79
SVCBestSlidingWeighted;260;830;17874;23310;34133;259
SVCBestSlidingWeighted;40;124;2821;3510;5387;39
SVCBestSlidingWeighted;49;157;3396;4320;6588;48
SVCBestSlidingWeighted;40;130;2765;3510;5298;39
SVCBestSlidingWeighted;8;32;651;630;1224;7
SVCBestSlidingWeighted;20;82;1518;1710;2880;19
SVCBestSlidingWeighted;36;136;2644;3150;4920;35
SVCBestSlidingWeighted;570;1813;38946;51210;73655;569
SVCBestSlidingWeighted;74;222;5024;6570;9602;73
SVCBestSlidingWeighted;101;337;7118;9000;13508;100
SVCBestSlidingWeighted;145;515;10300;12960;19215;144
SVCBestSlidingWeighted;185;614;12799;16560;24456;184
SVCBestSlidingWeighted;101;330;6945;9000;13083;100
SVCBestSlidingWeighted;24;101;1804;2070;3333;23
SVCBestSlidingWeighted;278;869;19117;24930;36462;277
SVCBestSlidingWeighted;170;526;11611;15210;22265;169
SVCBestSlidingWeighted;19;61;1430;1620;2679;18
SVCBestSlidingWeighted;253;797;17553;22680;33238;252
SVCBestSlidingWeighted;278;873;19015;24930;36188;277
SVCBestSlidingWeighted;173;549;11872;15480;22537;172
SVCBestSlidingWeighted;106;328;7219;9450;13845;105
SVCBestSlidingWeighted;162;501;11191;14490;21150;161
SVCBestSlidingWeighted;30;106;2213;2610;4230;29
SVCBestSlidingWeighted;28;110;2031;2430;3819;27
SVCBestSlidingWeighted;22;83;1689;1890;3172;21
SVCBestSlidingWeighted;136;454;9665;12150;18102;135
SVCBestSlidingWeighted;55;195;3809;4860;7215;54
SVCBestSlidingWeighted;16;57;1229;1350;2328;15
SVCBestSlidingWeighted;140;421;9660;12510;18422;139
SVCBestSlidingWeighted;251;747;17429;22500;33010;250
SVCBestSlidingWeighted;20;77;1483;1710;2832;19
SVCBestSlidingWeighted;358;1164;24824;32130;47189;357
SVCBestSlidingWeighted;31;112;2264;2700;4309;30
SVCBestSlidingWeighted;209;616;14293;18720;27213;208
SVCBestSlidingWeighted;152;457;10466;13590;19927;151
SVCBestSlidingWeighted;137;441;9498;12240;17974;136
SVCBestSlidingWeighted;57;190;4004;5040;7700;56
SVCBestSlidingWeighted;87;242;6009;7740;11471;86
SVCBestSlidingWeighted;133;398;9346;11880;17652;132
SVCBestSlidingWeighted;110;356;7665;9810;14517;109
SVCBestSlidingWeighted;51;192;3661;4500;6909;50
SVCBestSlidingWeighted;240;783;16939;21510;31758;239
SVCBestSlidingWeighted;185;584;12805;16560;24578;184
SVCBestSlidingWeighted;460;1477;31880;41310;60085;459
SVCBestSlidingWeighted;24;83;1826;2070;3465;23
SVCBestSlidingWeighted;86;258;5896;7650;11402;85
SVCBestSlidingWeighted;212;623;14585;18990;27581;211
SVCBestSlidingWeighted;186;520;12631;16650;24265;185
SVCBestSlidingWeighted;64;202;4399;5670;8421;63
SVCBestSlidingWeighted;87;275;6099;7740;11582;86
SVCBestSlidingWeighted;18;67;1374;1530;2637;17
SVCBestSlidingWeighted;14;58;1109;1170;2106;13
SVCBestSlidingWeighted;93;300;6665;8280;12505;92
SVCBestSlidingWeighted;375;1204;25788;33660;48929;374
SVCBestSlidingWeighted;42;156;3207;3690;5957;41
SVCBestSlidingWeighted;446;1464;30870;40050;58316;445
SVCBestSlidingWeighted;45;142;3212;3960;6088;44
SVCBestSlidingWeighted;39;129;2821;3420;5380;38
SVCBestSlidingWeighted;64;224;4612;5670;8841;63
SVCBestSlidingWeighted;74;246;5273;6570;9935;73
SVCBestSlidingWeighted;148;446;10116;13230;19445;147
SVCBestSlidingWeighted;111;380;7897;9900;14999;110
SVCBestSlidingWeighted;29;77;2025;2520;3923;28
SVCBestSlidingWeighted;19;67;1374;1620;2645;18
SVCBestSlidingWeighted;75;270;5320;6660;9981;74
SVCBestSlidingWeighted;155;483;10629;13860;20463;154
SVCBestSlidingWeighted;134;422;9334;11970;17669;133
SVCBestSlidingWeighted;66;192;4519;5850;8659;65
SVCBestSlidingWeighted;56;176;3903;4950;7443;55
SVCBestSlidingWeighted;53;175;3846;4680;7154;52
SVCBestSlidingWeighted;109;302;7598;9720;14366;108
SVCBestSlidingWeighted;52;169;3531;4590;6766;51
SVCBestSlidingWeighted;172;526;11785;15390;22392;171
SVCBestSlidingWeighted;107;335;7370;9540;14127;106
SVCBestSlidingWeighted;31;107;2222;2700;4287;30
SVCBestSlidingWeighted;73;258;5200;6480;9849;72
SVCBestSlidingWeighted;219;674;14928;19620;28331;218
SVCBestSlidingWeighted;61;163;4082;5400;7914;60
SVCBestSlidingWeighted;362;1192;24873;32490;47031;361
SVCBestSlidingWeighted;51;128;3382;4500;6633;50
SVCBestSlidingWeighted;43;117;3024;3780;5810;42
SVCBestSlidingWeighted;178;522;12160;15930;23153;177
SVCBestSlidingWeighted;30;92;2178;2610;4064;29
SVCBestSlidingWeighted;213;761;15141;19080;28132;212
SVCBestSlidingWeighted;83;239;5754;7380;10928;82
SVCBestSlidingWeighted;112;390;7846;9990;14881;111
SVCBestSlidingWeighted;144;495;10135;12870;19058;143
SVCBestSlidingWeighted;99;309;6866;8820;13024;98
SVCBestSlidingWeighted;130;409;9006;11610;17163;129
SVCBestSlidingWeighted;165;507;11232;14760;21354;164
SVCBestSlidingWeighted;107;350;7475;9540;14237;106
SVCBestSlidingWeighted;31;106;2183;2700;4172;30
SVCBestSlidingWeighted;74;269;5165;6570;9795;73
SVCBestSlidingWeighted;182;564;12374;16290;23638;181
SVCBestSlidingWeighted;203;676;14026;18180;26533;202
SVCBestSlidingWeighted;290;970;20144;26010;38029;289
SVCBestSlidingWeighted;6;19;530;450;989;5
SVCBestSlidingWeighted;33;97;2361;2880;4554;32
SVCBestSlidingWeighted;183;576;12726;16380;24048;182
SVCBestSlidingWeighted;11;38;889;900;1678;10
SVCBestSlidingWeighted;220;679;15077;19710;28747;219
SVCBestSlidingWeighted;17;55;1303;1440;2460;16
SVCBestSlidingWeighted;225;799;15902;20160;29696;224
SVCBestSlidingWeighted;95;288;6564;8460;12441;94
SVCBestSlidingWeighted;217;717;15432;19440;28925;216
SVCBestSlidingWeighted;396;1331;27534;35550;52020;395
SVCBestSlidingWeighted;132;420;9278;11790;17602;131
SVCBestSlidingWeighted;578;1786;39528;51930;75123;577
SVCBestSlidingWeighted;83;285;5760;7380;11055;82
SVCBestSlidingWeighted;21;53;1487;1800;2901;20
SVCBestSlidingWeighted;33;128;2406;2880;4523;32
SVCBestSlidingWeighted;145;452;10093;12960;19145;144
SVCBestSlidingWeighted;42;126;2911;3690;5598;41
SVCBestSlidingWeighted;20;68;1471;1710;2788;19
SVCBestSlidingWeighted;279;882;19081;25020;36470;278
SVCBestSlidingWeighted;422;1324;29185;37890;54962;421
SVCBestSlidingWeighted;178;538;12212;15930;23420;177
SVCBestSlidingWeighted;235;764;16320;21060;30830;234
SVCBestSlidingWeighted;71;243;5077;6300;9423;70
SVCBestSlidingWeighted;92;292;6355;8190;12213;91
SVCBestSlidingWeighted;156;506;11002;13950;20614;155
SVCBestSlidingWeighted;128;397;8830;11430;16895;127
SVCBestSlidingWeighted;26;82;1833;2250;3458;25
SVCBestSlidingWeighted;7;44;678;540;1224;6
SVCBestSlidingWeighted;29;108;2162;2520;4041;28
SVCBestSlidingWeighted;313;936;21406;28080;40635;312
SVCBestSlidingWeighted;67;219;4644;5940;8845;66
SVCBestSlidingWeighted;9;30;707;720;1331;8
SVCBestSlidingWeighted;117;363;8228;10440;15548;116
SVCBestSlidingWeighted;267;836;18193;23940;34777;266
SVCBestSlidingWeighted;238;767;16462;21330;31123;237
SVCBestSlidingWeighted;335;1104;23319;30060;43763;334
SVCBestSlidingWeighted;177;577;12405;15840;23453;176
SVCBestSlidingWeighted;13;41;977;1080;1842;12
SVCBestSlidingWeighted;107;308;7269;9540;13873;106
SVCBestSlidingWeighted;94;300;6475;8370;12392;93
SVCBestSlidingWeighted;146;487;10121;13050;19225;145
SVCBestSlidingWeighted;27;66;1824;2340;3597;26
SVCBestSlidingWeighted;7;27;596;540;1128;6
SVCBestSlidingWeighted;83;287;6034;7380;11180;82
SVCBestSlidingWeighted;131;416;9198;11700;17339;130
SVCBestSlidingWeighted;55;184;3895;4860;7360;54
SVCBestSlidingWeighted;239;730;16251;21420;31098;238
SVCBestSlidingWeighted;131;442;9053;11700;17171;130
SVCBestSlidingWeighted;38;150;2698;3330;5071;37
SVCBestSlidingWeighted;153;494;10633;13680;20200;152
SVCBestSlidingWeighted;250;835;17425;22410;32941;249
SVCBestSlidingWeighted;339;1093;23366;30420;44308;338
SVCBestWeighted;71;578;5777;6300;6047;70
SVCBestWeighted;37;288;3073;3240;3229;36
SVCBestWeighted;48;357;3961;4230;4142;47
SVCBestWeighted;11;95;1078;900;1128;10
SVCBestWeighted;26;205;2256;2250;2331;25
SVCBestWeighted;288;2354;22272;25830;23519;287
SVCBestWeighted;125;1039;10129;11160;10472;124
SVCBestWeighted;188;1552;14760;16830;15564;187
SVCBestWeighted;27;202;2309;2340;2422;26
SVCBestWeighted;263;2362;21221;23580;21985;262
SVCBestWeighted;79;716;6507;7020;6773;78
SVCBestWeighted;30;247;2567;2610;2681;29
SVCBestWeighted;107;932;8813;9540;9172;106
SVCBestWeighted;10;72;1002;810;1043;9
SVCBestWeighted;11;76;1048;900;1095;10
SVCBestWeighted;32;232;2624;2790;2795;31
SVCBestWeighted;42;331;3473;3690;3624;41
SVCBestWeighted;7;57;764;540;768;6
SVCBestWeighted;66;522;5350;5850;5578;65
SVCBestWeighted;11;65;997;900;1060;10
SVCBestWeighted;92;776;7362;8190;7749;91
SVCBestWeighted;122;1007;9806;10890;10218;121
SVCBestWeighted;82;654;6535;7290;6910;81
SVCBestWeighted;75;606;5918;6660;6259;74
SVCBestWeighted;181;1598;14491;16200;15104;180
SVCBestWeighted;54;440;4462;4770;4674;53
SVCBestWeighted;170;1393;13413;15210;14222;169
SVCBestWeighted;149;1165;11750;13320;12308;148
SVCBestWeighted;179;1535;14296;16020;14933;178
SVCBestWeighted;30;225;2511;2610;2662;29
SVCBestWeighted;135;1127;10715;12060;11313;134
SVCBestWeighted;205;1721;16095;18360;16995;204
SVCBestWeighted;55;515;4649;4860;4828;54
SVCBestWeighted;141;1224;11345;12600;11890;140
SVCBestWeighted;68;576;5541;6030;5853;67
SVCBestWeighted;49;386;4001;4320;4270;48
SVCBestWeighted;27;207;2268;2340;2437;26
SVCBestWeighted;123;1005;9673;10980;10153;122
SVCBestWeighted;161;1270;12390;14400;13202;160
SVCBestWeighted;133;1155;10758;11880;11254;132
SVCBestWeighted;84;663;6559;7470;7013;83
SVCBestWeighted;232;1958;18302;20790;19177;231
SVCBestWeighted;90;769;7254;8010;7628;89
SVCBestWeighted;51;410;4138;4500;4380;50
SVCBestWeighted;75;629;6174;6660;6373;74
SVCBestWeighted;11;89;1111;900;1137;10
SVCBestWeighted;69;562;5532;6120;5822;68
SVCBestWeighted;76;718;6431;6750;6613;75
SVCBestWeighted;217;1788;16989;19440;17857;216
SVCBestWeighted;48;462;4158;4230;4250;47
SVCBestWeighted;147;1214;11404;13140;12138;146
SVCBestWeighted;47;420;3925;4140;4068;46
SVCBestWeighted;178;1501;14090;15930;14697;177
SVCBestWeighted;109;869;8502;9720;9002;108
SVCBestWeighted;174;1510;14038;15570;14563;173
SVCBestWeighted;31;238;2604;2700;2741;30
SVCBestWeighted;250;2127;19752;22410;20721;249
SVCBestWeighted;228;1909;17925;20430;18744;227
SVCBestWeighted;198;1715;15671;17730;16392;197
SVCBestWeighted;51;460;4329;4500;4555;50
SVCBestWeighted;42;328;3427;3690;3622;41
SVCBestWeighted;16;143;1568;1350;1587;15
SVCBestWeighted;82;662;6534;7290;6878;81
SVCBestWeighted;10;85;1017;810;1043;9
SVCBestWeighted;110;920;8761;9810;9185;109
SVCBestWeighted;130;1084;10432;11610;10946;129
SVCBestWeighted;74;654;6125;6570;6353;73
SVCBestWeighted;252;2158;19809;22590;20760;251
SVCBestWeighted;12;85;1149;990;1193;11
SVCBestWeighted;19;139;1650;1620;1723;18
SVCBestWeighted;36;273;2945;3150;3130;35
SVCBestWeighted;52;438;4203;4590;4469;51
SVCBestWeighted;7;61;768;540;822;6
SVCBestWeighted;332;2836;26104;29790;27317;331
SVCBestWeighted;127;1034;10139;11340;10658;126
SVCBestWeighted;145;1250;11505;12960;12079;144
SVCBestWeighted;107;893;8404;9540;8888;106
SVCBestWeighted;20;167;1800;1710;1892;19
SVCBestWeighted;65;491;5149;5760;5488;64
SVCBestWeighted;20;145;1750;1710;1813;19
SVCBestWeighted;90;770;7226;8010;7574;89
SVCBestWeighted;31;246;2630;2700;2807;30
SVCBestWeighted;165;1385;13164;14760;13803;164
SVCBestWeighted;93;768;7554;8280;7854;92
SVCBestWeighted;368;3257;29036;33030;30438;367
SVCBestWeighted;30;267;2610;2610;2739;29
SVCBestWeighted;30;241;2544;2610;2675;29
SVCBestWeighted;275;2435;21863;24660;22767;274
SVCBestWeighted;16;148;1481;1350;1548;15
SVCBestWeighted;56;421;4588;4950;4892;55
SVCBestWeighted;396;3508;31392;35550;32641;395
SVCBestWeighted;170;1485;13703;15210;14279;169
SVCBestWeighted;163;1426;13039;14580;13819;162
SVCBestWeighted;70;624;5938;6210;6104;69
SVCBestWeighted;31;220;2587;2700;2763;30
SVCBestWeighted;36;284;3095;3150;3216;35
SVCBestWeighted;29;279;2491;2520;2670;28
SVCBestWeighted;3;7;373;180;376;2
SVCBestWeighted;43;391;3640;3780;3791;42
SVCBestWeighted;331;2744;25864;29700;27228;330
SVCBestWeighted;138;1152;10960;12330;11559;137
SVCBestWeighted;81;725;6669;7200;6918;80
SVCBestWeighted;24;190;2103;2070;2233;23
SVCBestWeighted;30;253;2563;2610;2714;29
SVCBestWeighted;241;2011;18929;21600;19936;240
SVCBestWeighted;37;301;3106;3240;3236;36
SVCBestWeighted;421;3617;33157;37800;34605;420
SVCBestWeighted;32;282;2759;2790;2867;31
SVCBestWeighted;69;577;5656;6120;5913;68
SVCBestWeighted;47;409;3881;4140;4086;46
SVCBestWeighted;56;500;4660;4950;4853;55
SVCBestWeighted;3;10;352;180;375;2
SVCBestWeighted;277;2281;21611;24840;22664;276
SVCBestWeighted;212;1799;16657;18990;17534;211
SVCBestWeighted;7;37;699;540;747;6
SVCBestWeighted;43;325;3456;3780;3714;42
SVCBestWeighted;167;1482;13428;14940;13910;166
SVCBestWeighted;57;458;4610;5040;4820;56
SVCBestWeighted;211;1760;16601;18900;17416;210
SVCBestWeighted;45;379;3854;3960;3971;44
SVCBestWeighted;236;1964;18650;21150;19595;235
SVCBestWeighted;199;1667;15683;17820;16461;198
SVCBestWeighted;172;1381;13504;15390;14244;171
SVCBestWeighted;89;742;7139;7920;7568;88
SVCBestWeighted;14;112;1282;1170;1319;13
SVCBestWeighted;174;1424;13623;15570;14373;173
SVCBestWeighted;71;575;5749;6300;5984;70
SVCBestWeighted;142;1155;11172;12690;11789;141
SVCBestWeighted;248;2112;19470;22230;20332;247
SVCBestWeighted;93;781;7501;8280;7871;92
SVCBestWeighted;181;1492;14179;16200;14883;180
SVCBestWeighted;98;794;7883;8730;8169;97
SVCBestWeighted;148;1179;11679;13230;12221;147
SVCBestWeighted;103;884;8228;9180;8672;102
SVCBestWeighted;95;854;7762;8460;8128;94
SVCBestWeighted;76;645;6163;6750;6414;75
SVCBestWeighted;39;342;3364;3420;3469;38
SVCBestWeighted;6;53;717;450;705;5
SVCBestWeighted;55;456;4589;4860;4747;54
SVCBestWeighted;209;1731;16462;18720;17236;208
SVCBestWeighted;51;389;4122;4500;4361;50
SVCBestWeighted;139;1181;11024;12420;11601;138
SVCBestWeighted;484;4026;37591;43470;39579;483
SVCBestWeighted;370;3105;29178;33210;30568;369
SVCBestWeighted;59;527;4978;5220;5169;58
SVCBestWeighted;10;98;1081;810;1095;9
SVCBestWeighted;138;1150;11072;12330;11457;137
SVCBestWeighted;70;539;5705;6210;5931;69
SVCBestWeighted;139;1156;10999;12420;11552;138
SVCBestWeighted;116;952;9262;10350;9678;115
SVCBestWeighted;134;1134;10764;11970;11255;133
SVCBestWeighted;17;123;1580;1440;1659;16
SVCBestWeighted;169;1404;13313;15120;13957;168
SVCBestWeighted;36;285;2991;3150;3212;35
SVCBestWeighted;43;419;3833;3780;3946;42
SVCBestWeighted;231;1933;18211;20700;19173;230
SVCBestWeighted;39;313;3243;3420;3389;38
SVCBestWeighted;114;1019;9294;10170;9620;113
SVCBestWeighted;140;1218;11192;12510;11706;139
SVCBestWeighted;130;1071;10215;11610;10794;129
SVCBestWeighted;42;336;3526;3690;3685;41
SVCBestWeighted;130;1125;10397;11610;10928;129
SVCBestWeighted;51;448;4338;4500;4548;50
SVCBestWeighted;17;128;1513;1440;1609;16
SVCBestWeighted;156;1351;12557;13950;13063;155
SVCBestWeighted;39;298;3198;3420;3399;38
SVCBestWeighted;312;2600;24491;27990;25668;311
SVCBestWeighted;178;1433;13980;15930;14698;177
SVCBestWeighted;9;51;839;720;901;8
SVCBestWeighted;43;367;3540;3780;3733;42
SVCBestWeighted;383;3280;30129;34380;31599;382
SVCBestWeighted;166;1368;13105;14850;13784;165
SVCBestWeighted;23;170;1942;1980;2099;22
SVCBestWeighted;438;3768;34248;39330;35855;437
SVCBestWeighted;54;444;4345;4770;4576;53
SVCBestWeighted;45;322;3642;3960;3829;44
SVCBestWeighted;108;902;8574;9630;9049;107
SVCBestWeighted;23;182;1985;1980;2092;22
SVCBestWeighted;139;1112;10921;12420;11499;138
SVCBestWeighted;36;308;3010;3150;3161;35
SVCBestWeighted;57;474;4583;5040;4886;56
SVCBestWeighted;40;330;3290;3510;3476;39
SVCBestWeighted;182;1531;14452;16290;15167;181
SVCBestWeighted;130;1158;10498;11610;11027;129
SVCBestWeighted;39;363;3482;3420;3596;38
SVCBestWeighted;72;618;5812;6390;6142;71
SVCBestWeighted;38;318;3148;3330;3368;37
SVCBestWeighted;84;760;6960;7470;7238;83
SVCBestWeighted;36;279;2943;3150;3131;35
SVCBestWeighted;37;343;3258;3240;3363;36
SVCBestWeighted;7;51;708;540;767;6
SVCBestWeighted;45;378;3727;3960;3930;44
SVCBestWeighted;286;2460;22671;25650;23651;285
SVCBestWeighted;124;1091;10029;11070;10432;123
SVCBestWeighted;26;274;2487;2250;2488;25
SVCBestWeighted;134;1160;10927;11970;11332;133
SVCBestWeighted;211;1744;16682;18900;17565;210
SVCBestWeighted;83;705;6838;7380;7209;82
SVCBestWeighted;94;835;7747;8370;8100;93
SVCBestWeighted;31;263;2668;2700;2785;30
